{
  "nodes": [
    {
      "op": "null", 
      "name": "data", 
      "inputs": []
    }, 
    {
      "op": "null", 
      "name": "dense3_weight", 
      "attrs": {
        "__dtype__": "0", 
        "__lr_mult__": "1.0", 
        "__shape__": "(256, 0)", 
        "__wd_mult__": "1.0"
      }, 
      "inputs": []
    }, 
    {
      "op": "null", 
      "name": "dense3_bias", 
      "attrs": {
        "__dtype__": "0", 
        "__init__": "zeros", 
        "__lr_mult__": "1.0", 
        "__shape__": "(256,)", 
        "__wd_mult__": "1.0"
      }, 
      "inputs": []
    }, 
    {
      "op": "FullyConnected", 
      "name": "dense3_fwd", 
      "attrs": {
        "flatten": "True", 
        "no_bias": "False", 
        "num_hidden": "256"
      }, 
      "inputs": [[0, 0, 0], [1, 0, 0], [2, 0, 0]]
    }, 
    {
      "op": "Activation", 
      "name": "dense3_relu_fwd", 
      "attrs": {"act_type": "relu"}, 
      "inputs": [[3, 0, 0]]
    }, 
    {
      "op": "null", 
      "name": "dense4_weight", 
      "attrs": {
        "__dtype__": "0", 
        "__lr_mult__": "1.0", 
        "__shape__": "(128, 0)", 
        "__wd_mult__": "1.0"
      }, 
      "inputs": []
    }, 
    {
      "op": "null", 
      "name": "dense4_bias", 
      "attrs": {
        "__dtype__": "0", 
        "__init__": "zeros", 
        "__lr_mult__": "1.0", 
        "__shape__": "(128,)", 
        "__wd_mult__": "1.0"
      }, 
      "inputs": []
    }, 
    {
      "op": "FullyConnected", 
      "name": "dense4_fwd", 
      "attrs": {
        "flatten": "True", 
        "no_bias": "False", 
        "num_hidden": "128"
      }, 
      "inputs": [[4, 0, 0], [5, 0, 0], [6, 0, 0]]
    }, 
    {
      "op": "Activation", 
      "name": "dense4_relu_fwd", 
      "attrs": {"act_type": "relu"}, 
      "inputs": [[7, 0, 0]]
    }, 
    {
      "op": "null", 
      "name": "dense5_weight", 
      "attrs": {
        "__dtype__": "0", 
        "__lr_mult__": "1.0", 
        "__shape__": "(2, 0)", 
        "__wd_mult__": "1.0"
      }, 
      "inputs": []
    }, 
    {
      "op": "null", 
      "name": "dense5_bias", 
      "attrs": {
        "__dtype__": "0", 
        "__init__": "zeros", 
        "__lr_mult__": "1.0", 
        "__shape__": "(2,)", 
        "__wd_mult__": "1.0"
      }, 
      "inputs": []
    }, 
    {
      "op": "FullyConnected", 
      "name": "dense5_fwd", 
      "attrs": {
        "flatten": "True", 
        "no_bias": "False", 
        "num_hidden": "2"
      }, 
      "inputs": [[8, 0, 0], [9, 0, 0], [10, 0, 0]]
    }
  ], 
  "arg_nodes": [0, 1, 2, 5, 6, 9, 10], 
  "node_row_ptr": [
    0, 
    1, 
    2, 
    3, 
    4, 
    5, 
    6, 
    7, 
    8, 
    9, 
    10, 
    11, 
    12
  ], 
  "heads": [[11, 0, 0]], 
  "attrs": {"mxnet_version": ["int", 10201]}
}